domain,label,label_name
official-himalayan-verify.ga,1,phishing
shop.nepal.gov.np,0,legitimate
digitalmedia.io,0,legitimate
sbmvieniv8filxl.online,2,malware_dga
myncell.org,1,phishing
e2o22870yh77dg9o.sbs,2,malware_dga
himalayaeasy.com,0,legitimate
m9rxlq88iemqi0zyin6sa.cyou,2,malware_dga
mynrb-offer.icu,1,phishing
secure-himalayan-recharge.tk,1,phishing
github.com,0,legitimate
secure-worldlink-renew.xyz,1,phishing
i3cczxur062.site,2,malware_dga
nicasia-claim.site,1,phishing
7jbx8o7m0i9id1slbc9924j.ml,2,malware_dga
g9kzm2byfefktucmh5l00.cf,2,malware_dga
coyholq5xmuma2lj97n3lnsn.tk,2,malware_dga
topmalaysiawork.pw,3,spam
secure-nicasia-win.online,1,phishing
malaysiaabroad782.biz,3,spam
send-nepal-18.icu,3,spam
offersale85.ga,3,spam
abroadsend340.online,3,spam
facelbook.click,1,phishing
wallet-nicasia-nepal.cyou,1,phishing
secure-ntc-prize.tk,1,phishing
bygh6cug6p.ga,2,malware_dga
official-subisu-payment.ml,1,phishing
iwe1qk7t4zybuym1nh79oblh.tk,2,malware_dga
newspokhara.io,0,legitimate
s5tko69m86pbwa.tk,2,malware_dga
best-sale-send.gq,3,spam
ocqr0w8un833ur8cw.sbs,2,malware_dga
buy-nepal-146.cam,3,spam
mynicasia-prize.online,1,phishing
idis2sgq6sbd1.site,2,malware_dga
connectips-confirm-win.pw,1,phishing
digitalnepal.com.np,0,legitimate
95s0vjii40y2d9807oj6x1g.com,2,malware_dga
best-discount-cheap.pw,3,spam
himalayan-prize.icu,1,phishing
topwinbuy.top,3,spam
topqatarqatar.sbs,3,spam
worldlinkwinnepal.gq,1,phishing
dealmalaysia199.xyz,3,spam
4y0af1ogrz8hths6bj9z01t.xyz,2,malware_dga
best-transfer-work.sbs,3,spam
bagmaticloud.org,0,legitimate
ktq43xe36urb4uajnfzlr.icu,2,malware_dga
bagmatisagarmatha.org.np,0,legitimate
0c4ohciry3f8htd2x.site,2,malware_dga
u0liqoidkcgle.top,2,malware_dga
secure-fonepay-suspended.site,1,phishing
6vlonqffjv.site,2,malware_dga
cloudfast.org.np,0,legitimate
ndt7htclfaioeopk07.cf,2,malware_dga
worldlink-account-apply.cam,1,phishing
official-nicasia-alert.tk,1,phishing
q0i9bl14h6827.ml,2,malware_dga
zoom.us,0,legitimate
vtx0hqvfnat12iqy0sr66op0.com,2,malware_dga
khaltis.cam,1,phishing
facebook-facebook.click,1,phishing
x3fodotdvwq.click,2,malware_dga
best-buy-sale.tk,3,spam
ntcbonusnepal.online,1,phishing
topfreework.sbs,3,spam
ularangkfkff2xti.online,2,malware_dga
fastpokhara.gov.np,0,legitimate
connectips-nepal-update.gq,1,phishing
toptravelsend.ga,3,spam
topoffermalaysia.online,3,spam
5e7l7w05y2d242.cyou,2,malware_dga
korea-nepal-684.biz,3,spam
techbank.co,0,legitimate
apple.com,0,legitimate
nrb-confirm-win.tk,1,phishing
slack.com,0,legitimate
esewa-nepal-payment.online,1,phishing
smarteasy.co,0,legitimate
pokharadigital.org.np,0,legitimate
wrecpdfk2pyh4jxlh1x67f.gq,2,malware_dga
update-subisu-nepal.pw,1,phishing
clouddigital.com.np,0,legitimate
2cua5pajk3bo9ut.site,2,malware_dga
my.tu.edu.np,0,legitimate
recover-connectips-nepal.site,1,phishing
nmt3yps4sybh7591.ga,2,malware_dga
nrb-nepal-suspended.pw,1,phishing
nabils.pw,1,phishing
win-nepal-617.cyou,3,spam
nepalnews.io,0,legitimate
worktransfer899.info,3,spam
igcuidc005689.cam,2,malware_dga
5wavxurr4lhlpmvd8fa.pw,2,malware_dga
best-discount-work.ml,3,spam
claim-nrb-nepal.cam,1,phishing
wikipedia.org,0,legitimate
everestbank.com.np,0,legitimate
bagmatishop.io,0,legitimate
official-esewa-offer.click,1,phishing
f0cebook.ga,1,phishing
hthci334doqtc2b.site,2,malware_dga
smartbagmati.com.np,0,legitimate
nepalshop.net,0,legitimate
mynabilbank-bonus.online,1,phishing
khallti.icu,1,phishing
topsendbuy.online,3,spam
nrb-renew-wallet.gq,1,phishing
job-nepal-51.icu,3,spam
malaysia-nepal-67.cyou,3,spam
himalayan-nepal-confirm.click,1,phishing
bankbagmati.com.np,0,legitimate
send-nepal-802.xyz,3,spam
freeremittance968.click,3,spam
y0utube.click,1,phishing
myfonepay-bonus.site,1,phishing
secure-nrb-account.click,1,phishing
ip62vf3e97b.cf,2,malware_dga
dot3z9upqygv9dv70ak.tk,2,malware_dga
official-worldlink-recover.cf,1,phishing
twitter.com,0,legitimate
topqatarcheap.pw,3,spam
smartshop.com,0,legitimate
r2wmfutpa0tbz.online,2,malware_dga
subisuverifynepal.site,1,phishing
ictfoundation.org.np,0,legitimate
t2061anlrf.com,2,malware_dga
job-nepal-421.sbs,3,spam
ocaoyz1p53.ga,2,malware_dga
my.khalti.com,0,legitimate
cloudflare.com,0,legitimate
win-worldlink-nepal.online,1,phishing
official-subisu-alert.cam,1,phishing
n0ell.online,1,phishing
renew-fonepay-nepal.pw,1,phishing
siwmzap4vkft5302.tk,2,malware_dga
shopcloud.com,0,legitimate
paypal.com,0,legitimate
shop.youtube.com,0,legitimate
yhqexrnk0ufsfhqayqz.ml,2,malware_dga
buy-nepal-248.icu,3,spam
shopify.com,0,legitimate
khaltis.net,1,phishing
sagarmathashop.org.np,0,legitimate
money-nepal-737.click,3,spam
ozbath0mf03.com,2,malware_dga
z6nwz3tuh3mo0hfjmv.com,2,malware_dga
youtube.com,0,legitimate
nzzdr6koum0fehp4lg67ar.click,2,malware_dga
shopsmart.gov.np,0,legitimate
claim-subisu-nepal.ga,1,phishing
app.instagram.com,0,legitimate
official-nicasia-verify.gq,1,phishing
xkqzcx927hfgzqz.click,2,malware_dga
subisusecurenepal.click,1,phishing
prizejob535.click,3,spam
3pa3sjso2jb1nsdesihyio00.click,2,malware_dga
nrbrenewnepal.ml,1,phishing
official-fonepay-claim.click,1,phishing
nepalcloud.io,0,legitimate
xezakx22uyvn5.online,2,malware_dga
fastpokhara.org.np,0,legitimate
cheapsend385.ml,3,spam
esewa-recover.pw,1,phishing
wmlwwvtmnyeu7858.ml,2,malware_dga
abroad-nepal-237.top,3,spam
0grzeevrzn05sg.online,2,malware_dga
f2kcogzusni3omknj8k.top,2,malware_dga
best-work-remittance.click,3,spam
oboua9mw0nc6wy0.icu,2,malware_dga
secure-worldlink-nepal.tk,1,phishing
n4bil.cam,1,phishing
998mdr6aehdw4902o0.cf,2,malware_dga
tvr5tod8w2qswd1g.pw,2,malware_dga
linkedin.com,0,legitimate
x2ih7xfmu3i.icu,2,malware_dga
official-nrb-free.icu,1,phishing
fonepay-account.site,1,phishing
secure-nabilbank-prize.pw,1,phishing
ioe.edu.np,0,legitimate
nb8ug327kmce64rf7eh7y.click,2,malware_dga
bq8d3jhz4rl5trn7f1dyws3.ml,2,malware_dga
yz03n3n0nuvk1k.tk,2,malware_dga
jtj27yh6u261.ml,2,malware_dga
best-offer-transfer.sbs,3,spam
bankkathmandu.co,0,legitimate
myfonepay-wallet.tk,1,phishing
esewa-nepal-alert.click,1,phishing
remittancevisa381.ml,3,spam
ncell-nepal-offer.click,1,phishing
spotify.com,0,legitimate
himalayanbank.com,0,legitimate
ntc-nepal-suspended.sbs,1,phishing
3xt6esak4gh.net,2,malware_dga
medianews.gov.np,0,legitimate
nabilbank-nepal-login.xyz,1,phishing
gl81nl93fhnw3m6e.online,2,malware_dga
best-deal-deal.site,3,spam
subisu-free.site,1,phishing
secure-nabilbank-secure.cyou,1,phishing
k0alti.xyz,1,phishing
geajjgr6jooe29bxm5no6x.online,2,malware_dga
o0e1f7djyqol3l4q0qv3.cyou,2,malware_dga
smjdh3bj30f52zdgia.ml,2,malware_dga
topkoreamalaysia.sbs,3,spam
2ib2zdr4ly61pjr1.xyz,2,malware_dga
qatardeal46.ml,3,spam
connectips-nepal-free.ga,1,phishing
himalayanconfirmnepal.pw,1,phishing
e0ewa.icu,1,phishing
esewa-nepal-recharge.gq,1,phishing
6acotvkq1mn7.pw,2,malware_dga
lzki2so19v58b1v1263.online,2,malware_dga
himalayasagarmatha.net,0,legitimate
nrb-nepal-free.gq,1,phishing
windeal828.pw,3,spam
netflix.com,0,legitimate
myhimalayan-update.icu,1,phishing
uge1g41io4koxhjm4044.click,2,malware_dga
workdeal441.ml,3,spam
hst6k3oq2w7cs7eqcv9i75.online,2,malware_dga
myncell-alert.gq,1,phishing
5vgs74s7zjdi2gwdm3bukmva.icu,2,malware_dga
youtube-youtube.sbs,1,phishing
connectips-bonus.top,1,phishing
worldlink-confirm-alert.ml,1,phishing
ictfoundation.org.np,0,legitimate
gandakikathmandu.gov.np,0,legitimate
blog.apple.com,0,legitimate
iwxg5w55ts4.tk,2,malware_dga
qatarremittance713.xyz,3,spam
g6gb2r2o9z79h0nrlc1yo.icu,2,malware_dga
nepal.gov.np,0,legitimate
koreasale493.click,3,spam
secure-worldlink-bonus.top,1,phishing
secure-nicasia-update.xyz,1,phishing
secure-esewa-banking.icu,1,phishing
sale-nepal-831.ml,3,spam
hcw1u1fmyo88.top,2,malware_dga
digitalnepal.com.np,0,legitimate
shopnews.io,0,legitimate
5gw10ohi32y8.pw,2,malware_dga
smarttech.edu.np,0,legitimate
topworkdeal.cam,3,spam
9h8yxoan75znl1i2or77w56.top,2,malware_dga
gandakifast.gov.np,0,legitimate
u87htu6oxnt53o06d0qqc7.cyou,2,malware_dga
nicasia-banking-alert.site,1,phishing
subisu-payment.cam,1,phishing
topsendvisa.ga,3,spam
nabilbank-claim-prize.cam,1,phishing
passport.gov.np,0,legitimate
cheap-nepal-514.ml,3,spam
bagmatisagarmatha.gov.np,0,legitimate
3t5zi789i4q283.icu,2,malware_dga
esewa-suspended.click,1,phishing
7zd7cm3zaou0.cyou,2,malware_dga
buy-nepal-339.cyou,3,spam
himalayan-nepal-secure.pw,1,phishing
wincheap656.ml,3,spam
moneycheap190.cf,3,spam
winabroad981.tk,3,spam
wikipedia.org,0,legitimate
apple.com,0,legitimate
826h5ngbjfnuhup8m.cam,2,malware_dga
immigration.gov.np,0,legitimate
nabilbankwalletnepal.ga,1,phishing
topworksend.top,3,spam
myncell-offer.sbs,1,phishing
mygoogle.top,1,phishing
spotify.com,0,legitimate
secure-himalayan-suspended.click,1,phishing
x8g7aovu45ow1.cam,2,malware_dga
ncell-ncell.sbs,1,phishing
topkoreaabroad.biz,3,spam
wallet-subisu-nepal.sbs,1,phishing
google-google.online,1,phishing
shopsmart.org,0,legitimate
recover-esewa-nepal.xyz,1,phishing
mykhalti-offer.top,1,phishing
zoom.us,0,legitimate
t3f2f3hycpesb1800.online,2,malware_dga
official-nrb-update.cyou,1,phishing
offermoney946.top,3,spam
smartsagarmatha.gov.np,0,legitimate
sagarmathamedia.gov.np,0,legitimate
stackoverflow.com,0,legitimate
digitalkathmandu.org.np,0,legitimate
topmoneydiscount.sbs,3,spam
secure-ntc-alert.gq,1,phishing
c4lai86izq.net,2,malware_dga
easynepal.com.np,0,legitimate
deal-nepal-586.icu,3,spam
app.google.com,0,legitimate
nepaleasy.org,0,legitimate
ncell-login-confirm.online,1,phishing
nabilbank-nepal-apply.xyz,1,phishing
official-ntc-alert.top,1,phishing
2pz6ntpbpzcd55959.top,2,malware_dga
best-malaysia-offer.cyou,3,spam
ggq4tf9geqt1ynewwwqo32d.top,2,malware_dga
a5e742grrdnwt2fe8453.ga,2,malware_dga
cloudeasy.io,0,legitimate
update-ncell-nepal.cam,1,phishing
k1pbcd6fxnoq37kt5459.cyou,2,malware_dga
best-discount-qatar.online,3,spam
best-cheap-cheap.biz,3,spam
js8esp0cf6h.cam,2,malware_dga
j839ag77q9121.online,2,malware_dga
best-earn-prize.top,3,spam
uifezac2e4456.online,2,malware_dga
topabroadsale.biz,3,spam
myhimalayan-login.cyou,1,phishing
g5yl0sdqa60ghy7vdgw70v6.ml,2,malware_dga
esewa-esewa.online,1,phishing
himalayan-recover-free.icu,1,phishing
g0ogle.tk,1,phishing
hu03y53mbwu4234.cf,2,malware_dga
w7qxcquqic8pi516msnrdj.cam,2,malware_dga
nrb-nepal-claim.gq,1,phishing
pokharacloud.io,0,legitimate
nabilbank-bonus-free.ga,1,phishing
ntc-suspended.click,1,phishing
payment-nabilbank-nepal.cam,1,phishing
nicasia-offer.tk,1,phishing
8npg2w0quzpumsbxpr.tk,2,malware_dga
9hbe92efobvduzqksghin.com,2,malware_dga
khalti-account.cam,1,phishing
best-earn-money.site,3,spam
best-deal-remittance.click,3,spam
ncell.axiata.com,0,legitimate
official-connectips-banking.xyz,1,phishing
qpmbgpxirpckm86nw.site,2,malware_dga
best-prize-win.ga,3,spam
himalayabagmati.org,0,legitimate
official-ntc-recharge.cf,1,phishing
nepaltech.com.np,0,legitimate
topdiscountearn.tk,3,spam
topwinprize.click,3,spam
malaysiaprize555.xyz,3,spam
best-buy-abroad.click,3,spam
job-nepal-350.ga,3,spam
3wqjhx7v1lk.online,2,malware_dga
official-khalti-alert.ml,1,phishing
khaltil.cyou,1,phishing
esewa-nepal-recharge.xyz,1,phishing
secure-fonepay-win.icu,1,phishing
5642e256bnt3dm86fuc1zg.cyou,2,malware_dga
n67lm8e49ite928414.icu,2,malware_dga
best-visa-malaysia.cam,3,spam
immigration.gov.np,0,legitimate
at8i65ou8jcf1ar.icu,2,malware_dga
si7eadghxtur8x9637.pw,2,malware_dga
x8j1ccm07146.ml,2,malware_dga
cef2ctg08zz4766.click,2,malware_dga
ntc-nepal-apply.ml,1,phishing
nrb.org.np,0,legitimate
5tnw5nfdnzq6ps3hfm1mwy.ga,2,malware_dga
secure-nicasia-bonus.sbs,1,phishing
hwfxsrhwnws7nrrnxq8.click,2,malware_dga
topcheapoffer.gq,3,spam
traveltravel941.icu,3,spam
secure-fonepay-wallet.cf,1,phishing
best-earn-discount.site,3,spam
worldlinkaccountnepal.sbs,1,phishing
himalayanprizenepal.pw,1,phishing
hiedlpe3f46.xyz,2,malware_dga
best-deal-offer.cf,3,spam
2gtdwst9jj79.sbs,2,malware_dga
api.github.com,0,legitimate
esew4.cyou,1,phishing
a5k2jmftl1srixxz.cyou,2,malware_dga
574aea3mg1jcsu2q410o.sbs,2,malware_dga
ntc.net.np,0,legitimate
rfk6bzmng1cq3voqiuwdrgtt.sbs,2,malware_dga
oajd7ecfnj89k.pw,2,malware_dga
topoffermoney.top,3,spam
bankhimalaya.com,0,legitimate
official-ncell-confirm.cam,1,phishing
digitaleasy.org,0,legitimate
moneytransfer382.site,3,spam
visa-nepal-837.top,3,spam
pokharasmart.org.np,0,legitimate
paypal.com,0,legitimate
official-subisu-free.icu,1,phishing
zfg4abazgd9bb.cf,2,malware_dga
best-deal-remittance.site,3,spam
f0cebook.pw,1,phishing
digitalgandaki.org.np,0,legitimate
adobe.com,0,legitimate
smartdigital.net,0,legitimate
5g22mqbqo4obj15nq.site,2,malware_dga
smarttech.com.np,0,legitimate
smartdigital.com,0,legitimate
shopshop.com.np,0,legitimate
esewa-update-win.tk,1,phishing
esew4.gq,1,phishing
tttamv3ai2wtsin36yl.net,2,malware_dga
prize-nrb-nepal.ml,1,phishing
best-abroad-sale.online,3,spam
bagmatimedia.com.np,0,legitimate
passport.gov.np,0,legitimate
official-nrb-secure.site,1,phishing
nabilbank-banking.xyz,1,phishing
gandakidigital.edu.np,0,legitimate
f0cebook.org,1,phishing
cloudflare.com,0,legitimate
r8oncr7jfygbbdn3.ga,2,malware_dga
mediasmart.gov.np,0,legitimate
newsnepal.net,0,legitimate
topqatarbuy.site,3,spam
88elnwoskaz6898.click,2,malware_dga
topwintransfer.cf,3,spam
spj9wrdplfe1992.tk,2,malware_dga
amazon.com,0,legitimate
bankcloud.gov.np,0,legitimate
account-khalti-nepal.click,1,phishing
toptransferwin.tk,3,spam
official-worldlink-login.cam,1,phishing
mygoogle.org,1,phishing
pssh6j1ve2.site,2,malware_dga
best-malaysia-free.gq,3,spam
khalti-verify-confirm.cam,1,phishing
bankfast.edu.np,0,legitimate
worldlink.com.np,0,legitimate
khalti-prize-update.sbs,1,phishing
best-offer-travel.gq,3,spam
facebook.com,0,legitimate
bonus-nrb-nepal.cf,1,phishing
5na2fqztio4m6748.pw,2,malware_dga
qof97hu5teokvab6.cam,2,malware_dga
3qw752e77d3055.online,2,malware_dga
nepalkathmandu.io,0,legitimate
discount-nepal-915.online,3,spam
offersend119.gq,3,spam
workdeal176.icu,3,spam
bagmatitech.com,0,legitimate
official-connectips-suspended.top,1,phishing
i6gk2f7q3z.gq,2,malware_dga
nepaleasy.org.np,0,legitimate
nabilbank.com,0,legitimate
api.shopify.com,0,legitimate
topearnvisa.sbs,3,spam
subisu-update-free.site,1,phishing
paxskx70ym4x12.top,2,malware_dga
salesforce.com,0,legitimate
0fner9n9740h2gb.sbs,2,malware_dga
2lxuohci204.click,2,malware_dga
khalti-nepal-payment.icu,1,phishing
nrb-nepal-payment.gq,1,phishing
official-fonepay-offer.xyz,1,phishing
abroad-nepal-626.cyou,3,spam
2bujydoo39qzx5klo.cf,2,malware_dga
offersale276.xyz,3,spam
thrauz7c89x709oth.top,2,malware_dga
bvhuazun62789.pw,2,malware_dga
9i1pbpsd7rm2rrugtvd.sbs,2,malware_dga
4pfbmplbnoec.sbs,2,malware_dga
om7ztrj67dxlse2205.sbs,2,malware_dga
v1rk0quyet63kleqkoso.cyou,2,malware_dga
fcmellckjbzp9wgycbklb.cf,2,malware_dga
blog.moha.gov.np,0,legitimate
himalayanapplynepal.top,1,phishing
himalayanwinnepal.sbs,1,phishing
qatarwin466.xyz,3,spam
official-nicasia-banking.cam,1,phishing
offerbuy864.cf,3,spam
shopify.com,0,legitimate
google.com,0,legitimate
sale-nepal-586.tk,3,spam
ej56m8r2bavocmeaqg7d.ga,2,malware_dga
mediahimalaya.net,0,legitimate
5t4ujxggl8adqmkrvcl9r.top,2,malware_dga
8pgrcporjyyra9a.ml,2,malware_dga
myntc-secure.click,1,phishing
easykathmandu.co,0,legitimate
nabill.ml,1,phishing
topremittancevisa.tk,3,spam
ncell-ncell.xyz,1,phishing
ldozy2nr43098.ml,2,malware_dga
cloudcloud.gov.np,0,legitimate
best-buy-remittance.xyz,3,spam
secure-worldlink-claim.tk,1,phishing
sagarmathatech.io,0,legitimate
topworkmalaysia.biz,3,spam
smarttech.io,0,legitimate
paypal.com,0,legitimate
bagmatipokhara.com.np,0,legitimate
nicasia-nepal-alert.sbs,1,phishing
mz5rgoi9wm1s434.cyou,2,malware_dga
himalayanapplynepal.top,1,phishing
cloudsagarmatha.co,0,legitimate
topworkbuy.online,3,spam
offer-nepal-95.ml,3,spam
sagarmathahimalaya.com,0,legitimate
topdiscountkorea.cf,3,spam
abroad-nepal-448.click,3,spam
topcheapprize.ga,3,spam
shop.tu.edu.np,0,legitimate
pzvrnqv37ux02lw6r.ml,2,malware_dga
spotify.com,0,legitimate
malaysia-nepal-368.biz,3,spam
best-remittance-malaysia.cam,3,spam
h9v53i36cp1vhe6519rlo7r.com,2,malware_dga
shopbagmati.com,0,legitimate
newscloud.edu.np,0,legitimate
vp8ciullxz.sbs,2,malware_dga
ncell-win-alert.gq,1,phishing
official-nrb-confirm.site,1,phishing
best-travel-korea.click,3,spam
nabill.site,1,phishing
myntc-bonus.top,1,phishing
official-worldlink-alert.pw,1,phishing
fastbagmati.io,0,legitimate
facebook.com,0,legitimate
money-nepal-169.click,3,spam
adobe.com,0,legitimate
nicasia-payment.ml,1,phishing
official-himalayan-login.pw,1,phishing
salediscount597.ga,3,spam
esewa-nepal-login.top,1,phishing
6j2lfbaoq92yy00.sbs,2,malware_dga
topvisajob.site,3,spam
69mha8esk3nqhbdwiz3.icu,2,malware_dga
gqucbarlpwtqszf9b5a6rd75.tk,2,malware_dga
official-nrb-renew.pw,1,phishing
official-ncell-confirm.online,1,phishing
nepalshop.co,0,legitimate
best-win-qatar.xyz,3,spam
3cczcrftjzo0yg7uatj5jrc8.pw,2,malware_dga
y8snyroy9zfgm4ds8d.click,2,malware_dga
secure.everestbank.com.np,0,legitimate
recharge-nrb-nepal.site,1,phishing
fasthimalaya.org.np,0,legitimate
topdealwin.info,3,spam
moha.gov.np,0,legitimate
yczeipqvaw5x9kjqlv.cf,2,malware_dga
newsgandaki.com.np,0,legitimate
support.himalayanbank.com,0,legitimate
verify-nrb-nepal.site,1,phishing
goolgle.gq,1,phishing
worldlinkconfirmnepal.gq,1,phishing
best-korea-cheap.top,3,spam
g74esqs0m88.cam,2,malware_dga
worldlink-nepal-win.tk,1,phishing
fastfast.io,0,legitimate
qdn1jyssfs7pn3wm.icu,2,malware_dga
ntc-nepal-recharge.site,1,phishing
x1cq6fwt9829.top,2,malware_dga
secure-ntc-renew.sbs,1,phishing
aq64oudamqoyyoryanf.cf,2,malware_dga
citizenbank.com.np,0,legitimate
koreaoffer238.ga,3,spam
esewal.sbs,1,phishing
himalayan-banking.gq,1,phishing
worldlink-prize-free.ml,1,phishing
nrb-wallet-login.xyz,1,phishing
n4psbpltw1xp.site,2,malware_dga
official-khalti-secure.gq,1,phishing
myfonepay-claim.click,1,phishing
best-korea-transfer.click,3,spam
help.slack.com,0,legitimate
account-esewa-nepal.cyou,1,phishing
c4ad141gfe77svxtntl1uk21.ga,2,malware_dga
n0bil.icu,1,phishing
citizenbank.com.np,0,legitimate
hqrcfap5e1g.pw,2,malware_dga
youltube.online,1,phishing
sjibtrxhxxq1p.click,2,malware_dga
tanfebovg8glqphlospb6fco.site,2,malware_dga
fonepaypaymentnepal.online,1,phishing
youtubel.cyou,1,phishing
google.click,1,phishing
z6ma26q7pxnqt6hqamg3fpx.tk,2,malware_dga
newsshop.gov.np,0,legitimate
r6i5i1obl7.site,2,malware_dga
dealabroad475.xyz,3,spam
siddhartha.com.np,0,legitimate
xqq8y1hen1848.icu,2,malware_dga
bonus-ntc-nepal.online,1,phishing
myworldlink-payment.click,1,phishing
official-nicasia-recover.sbs,1,phishing
ntc.net.np,0,legitimate
d1ifdy3u37ubj1x4nc8ob.net,2,malware_dga
deal-nepal-714.icu,3,spam
work-nepal-224.site,3,spam
iyh98cvthimvc759ln0o0.top,2,malware_dga
t3mn1l3ukxm1z1m4g.online,2,malware_dga
topdiscountdiscount.click,3,spam
nta.gov.np,0,legitimate
hlogi3ymxdn9dhwpjn.icu,2,malware_dga
c05te369s68.gq,2,malware_dga
goolgle.gq,1,phishing
pokharahimalaya.co,0,legitimate
mp0vy7fej1yzcxw.online,2,malware_dga
best-sale-malaysia.biz,3,spam
toptravelprize.top,3,spam
y0utube.pw,1,phishing
l3fhbwjwg4kmn.cyou,2,malware_dga
worldlink-nepal-confirm.click,1,phishing
parliament.gov.np,0,legitimate
myesewa-suspended.tk,1,phishing
ei6xj40h33thpttx8zesqr.sbs,2,malware_dga
q5f8nqa6d3zwom7i72.pw,2,malware_dga
cloudtech.gov.np,0,legitimate
secure-ntc-offer.cf,1,phishing
newspokhara.org.np,0,legitimate
bndycpn0p1x8351.sbs,2,malware_dga
yo8dje7xqty6m792476.online,2,malware_dga
easycloud.io,0,legitimate
secure-esewa-bonus.tk,1,phishing
cm814y6kys0xa67md.pw,2,malware_dga
topearnsale.cam,3,spam
o9ubc1kkr2aj5iq131.site,2,malware_dga
53ovsfixfpnejn.ga,2,malware_dga
bankeasy.io,0,legitimate
blog.nta.gov.np,0,legitimate
bagmatisagarmatha.com,0,legitimate
confirm-ntc-nepal.tk,1,phishing
himalayamedia.com.np,0,legitimate
best-remittance-job.top,3,spam
transfer-nepal-736.sbs,3,spam
offerbuy954.biz,3,spam
topworkjob.top,3,spam
8iw3o36sdve40ve9629kki.top,2,malware_dga
topabroaddiscount.cyou,3,spam
banktech.com.np,0,legitimate
secure-worldlink-update.ml,1,phishing
easygandaki.io,0,legitimate
dropbox.com,0,legitimate
official-connectips-bonus.ml,1,phishing
sale-nepal-424.cf,3,spam
free-subisu-nepal.cam,1,phishing
gd60uglb558.tk,2,malware_dga
khalti.com,0,legitimate
it8fvjw56w.cf,2,malware_dga
cvtii3ajjp.tk,2,malware_dga
um9vxg4d3ih0ed6dg6b.com,2,malware_dga
ntc.net.np,0,legitimate
s3hmo1dxq46ga28365.sbs,2,malware_dga
bagmatismart.io,0,legitimate
i8srt235dbpss29knux8n.sbs,2,malware_dga
facebook.com,0,legitimate
bgmy4iqz6df08u7277.top,2,malware_dga
2nun4cniopsxaz37baxr41.gq,2,malware_dga
9douy8x2s3kkw24llez6ofi.click,2,malware_dga
h430ilibgofmir9.ga,2,malware_dga
mediaeasy.com,0,legitimate
esew4.cf,1,phishing
mynabil.site,1,phishing
xoiii9jqgf7.net,2,malware_dga
claim-subisu-nepal.tk,1,phishing
9gvbmqq749q6qf1p501.cam,2,malware_dga
digitalhimalaya.gov.np,0,legitimate
best-free-cheap.xyz,3,spam
subisu-secure-suspended.click,1,phishing
facelbook.icu,1,phishing
gf9gc1faynciij.site,2,malware_dga
zhmwbyx252nq838rl.sbs,2,malware_dga
48gwghm56vu6z3008.click,2,malware_dga
xpbm6ospw38rw.xyz,2,malware_dga
nicasiabank.com,0,legitimate
khalti-nepal-prize.gq,1,phishing
easybank.org,0,legitimate
0knk67tcgyqszlgu.ml,2,malware_dga
topvisaprize.xyz,3,spam
swjjjksl66uml3so4423.online,2,malware_dga
worldlink-prize-apply.pw,1,phishing
u6e9i0ml8poo.tk,2,malware_dga
khalti-nepal-update.icu,1,phishing
pokharanepal.com,0,legitimate
o1wjdnc87oyiwwjif2.pw,2,malware_dga
jtpw4o6aufcnilped.top,2,malware_dga
h1igww8o9n2v179x4.cyou,2,malware_dga
xlb57aukhqnzjnn8498.cam,2,malware_dga
official-nabilbank-banking.icu,1,phishing
cheap-nepal-137.online,3,spam
mediashop.com,0,legitimate
mtgg61i1u5mq.ml,2,malware_dga
best-visa-malaysia.tk,3,spam
esewas.online,1,phishing
nabilbankbankingnepal.click,1,phishing
best-transfer-korea.online,3,spam
4mehx3vawp3.ml,2,malware_dga
secure.mof.gov.np,0,legitimate
f9piayryr0ypl0l14.tk,2,malware_dga
best-discount-abroad.pw,3,spam
23gou5bbq2jk9edev72azd.ml,2,malware_dga
topmalaysiawin.site,3,spam
nabilbank.com,0,legitimate
afovxp1e8dzu7pcl2iefej0.top,2,malware_dga
4gbq5yyinltp9vfc8uog86.net,2,malware_dga
fasttech.net,0,legitimate
techeasy.net,0,legitimate
confirm-himalayan-nepal.click,1,phishing
official-esewa-update.cf,1,phishing
official-esewa-confirm.icu,1,phishing
esewa-account.online,1,phishing
qarymmdngw6549.cyou,2,malware_dga
subisu-nepal-claim.pw,1,phishing
buyremittance439.info,3,spam
worldlinkwalletnepal.icu,1,phishing
mynrb-wallet.ml,1,phishing
azoafjmx7ojzslyzv.com,2,malware_dga
worldlink-nepal-suspended.cf,1,phishing
official-khalti-bonus.site,1,phishing
ictfoundation.org.np,0,legitimate
wintransfer138.ml,3,spam
secure-nabilbank-recover.ml,1,phishing
best-discount-discount.tk,3,spam
connectips-nepal-apply.pw,1,phishing
43wor0tkd6v.net,2,malware_dga
gtgo7yyv5pr.tk,2,malware_dga
ohky4yx6rtj5b2.top,2,malware_dga
nepalsagarmatha.co,0,legitimate
mykhalti.top,1,phishing
official-nabilbank-free.xyz,1,phishing
ba4f4u983r0n9qc6fo7b.cf,2,malware_dga
fastdigital.com,0,legitimate
68he5p3q7ikdwjtgnnucg.xyz,2,malware_dga
0t6gdb532u.online,2,malware_dga
offerprize989.xyz,3,spam
subisu.net.np,0,legitimate
8bpbnivyzt1lx6tz.cyou,2,malware_dga
stackoverflow.com,0,legitimate
topfreekorea.ga,3,spam
official-esewa-offer.cyou,1,phishing
1ptodenjpssmai08kwwsqh.cam,2,malware_dga
malaysia-nepal-53.online,3,spam
topmalaysiawin.pw,3,spam
jt70y2rl6216.click,2,malware_dga
nrb-win.cam,1,phishing
akr4kae60wq1of77j8ea2.ml,2,malware_dga
subisu-recharge.top,1,phishing
facebooks.online,1,phishing
topfreewin.ga,3,spam
freecheap195.info,3,spam
alert-worldlink-nepal.pw,1,phishing
airbnb.com,0,legitimate
update-worldlink-nepal.cf,1,phishing
sagarmathadigital.co,0,legitimate
official-khalti-free.pw,1,phishing
send-nepal-485.info,3,spam
easypokhara.net,0,legitimate
30zxpifom9w0tvb40vcu9y.click,2,malware_dga
secure-subisu-suspended.site,1,phishing
vep0zmiprpmhm8f41v.icu,2,malware_dga
ntc-nepal-apply.cf,1,phishing
pj6dwluk9uix.net,2,malware_dga
fasttech.com.np,0,legitimate
g0ogle.pw,1,phishing
q6jjomxgfkobv.cyou,2,malware_dga
qlzjkj4qkr7thhthb7qja.cam,2,malware_dga
secure-subisu-renew.top,1,phishing
youtube.org,1,phishing
worldlink-free-free.cam,1,phishing
official-nicasia-recharge.xyz,1,phishing
cloudfast.com,0,legitimate
fawwjnn41jh4365.pw,2,malware_dga
deal-nepal-224.biz,3,spam
worldlink-secure.cam,1,phishing
payment-ncell-nepal.top,1,phishing
fonepay-alert-update.site,1,phishing
c7yjz6vw20hegx746.tk,2,malware_dga
himalayan-renew-update.online,1,phishing
k0de1j1yfckp942byqg.ml,2,malware_dga
utpuhf0kbat88c8zn8.site,2,malware_dga
yx044tvn9e.com,2,malware_dga
5gxdn3wmgd1npsjsp0l2go.cam,2,malware_dga
jguag2atr4p4a9idh5qf1.top,2,malware_dga
7q68pk8jma.pw,2,malware_dga
myesewa-recover.sbs,1,phishing
prize-nrb-nepal.click,1,phishing
himalayanalertnepal.xyz,1,phishing
best-cheap-malaysia.cyou,3,spam
23fa126ofa66yn677.icu,2,malware_dga
earnprize182.cam,3,spam
shopify.com,0,legitimate
saleearn317.ga,3,spam
nepal.gov.np,0,legitimate
54w487knu2713.ml,2,malware_dga
nepaldigital.io,0,legitimate
mtw6bc7q6se67tmtx0wthq.click,2,malware_dga
discountprize12.cam,3,spam
best-money-buy.gq,3,spam
det15ynma61gd3do.cam,2,malware_dga
official-fonepay-account.ga,1,phishing
winqatar927.gq,3,spam
pritkxn6071r0p4hmdg.xyz,2,malware_dga
easytech.org,0,legitimate
0j4hwm32as9j4w0hzat.cam,2,malware_dga
ajeyxgrizq9rgdl110vrn.cam,2,malware_dga
traveldeal884.tk,3,spam
mynicasia-offer.online,1,phishing
sendremittance917.top,3,spam
best-sale-sale.cam,3,spam
zrzq0v4psc94413.ga,2,malware_dga
winremittance522.gq,3,spam
help.passport.gov.np,0,legitimate
m1zy7dfarufvc6kwj9.cf,2,malware_dga
toptravelearn.click,3,spam
ncell-nepal-suspended.site,1,phishing
ge0q5zjaucyhonb7185.cam,2,malware_dga
ofmaok8t3831.cf,2,malware_dga
nicasia-confirm.xyz,1,phishing
werznazdxavi.ga,2,malware_dga
worldlinkrecovernepal.top,1,phishing
secure-connectips-secure.click,1,phishing
cheap-nepal-209.xyz,3,spam
gandakibagmati.io,0,legitimate
sagarmathaeasy.edu.np,0,legitimate
mxd6ds7fa8rn.ga,2,malware_dga
khalti-free.cyou,1,phishing
salesforce.com,0,legitimate
7un2olqcxnkz8p60ht.gq,2,malware_dga
official-nrb-claim.gq,1,phishing
signin-khalti-nepal.sbs,1,phishing
claim-subisu-nepal.ml,1,phishing
best-offer-qatar.click,3,spam
4qr14vuyv2em8122.xyz,2,malware_dga
myntc-update.icu,1,phishing
qdrt1kt9wsbktzgde9ko.com,2,malware_dga
primebank.com.np,0,legitimate
ntcrechargenepal.cyou,1,phishing
acnu41bta3runy6436.top,2,malware_dga
secure-ncell-suspended.ga,1,phishing
y1fc9zxucptj9rz.xyz,2,malware_dga
nabils.xyz,1,phishing
signin-himalayan-nepal.ga,1,phishing
khalti-nepal-account.gq,1,phishing
hg6w4lxaclzip8pa0.pw,2,malware_dga
vrp4rxmd8zvfsrh8136.tk,2,malware_dga
recharge-connectips-nepal.ga,1,phishing
connectipsaccountnepal.cyou,1,phishing
nepaltech.org.np,0,legitimate
official-esewa-recover.pw,1,phishing
work-nepal-111.click,3,spam
nicasia-renew-login.cam,1,phishing
buy-nepal-485.tk,3,spam
ncell-ncell.top,1,phishing
himalayasmart.co,0,legitimate
mail.linkedin.com,0,legitimate
subisu.net.np,0,legitimate
vsddcggu4krmjhmsj49.icu,2,malware_dga
microsoft.com,0,legitimate
0jzauuh1m8.ga,2,malware_dga
best-visa-korea.info,3,spam
techfast.org,0,legitimate
official-worldlink-alert.ga,1,phishing
esewarecovernepal.top,1,phishing
khalti-claim-payment.tk,1,phishing
secure-khalti-login.sbs,1,phishing
pokharanews.org.np,0,legitimate
best-transfer-deal.pw,3,spam
wgypv0e5cjz4e1.cyou,2,malware_dga
topofferkorea.click,3,spam
kjellcpfrk7g1mua4lm14w.top,2,malware_dga
remittance-nepal-757.tk,3,spam
myesewa-claim.pw,1,phishing
reddit.com,0,legitimate
mysubisu-update.cam,1,phishing
facebookl.org,1,phishing
attrf5wxv0yafk0.cam,2,malware_dga
zzomde33u4s2e5mrq9x9.tk,2,malware_dga
recharge-connectips-nepal.ml,1,phishing
axjzjr63tz4i99.click,2,malware_dga
citizenbank.com.np,0,legitimate
connectipsverifynepal.click,1,phishing
b8qxw33ui8oz31zydv.pw,2,malware_dga
sagarmathafast.gov.np,0,legitimate
y0utube.com,1,phishing
secure-khalti-apply.gq,1,phishing
himalayan-suspended.pw,1,phishing
discount-nepal-70.icu,3,spam
subisu-account.cyou,1,phishing
skhvja0a7o6e9.net,2,malware_dga
ebeocj0yhh.net,2,malware_dga
zy7e7twa70f5yh4bisa0p5mk.top,2,malware_dga
jhlnkblbg4.cf,2,malware_dga
pxugcwb5f6oq1qjtu8r6g.tk,2,malware_dga
nicasiabank.com,0,legitimate
xke1kwonrrlrnr2k1003.click,2,malware_dga
sdbwz5hia5ncem1xh28.ml,2,malware_dga
cloudsmart.net,0,legitimate
myyoutube.org,1,phishing
0wi66k1pwj9s0efr.click,2,malware_dga
account-himalayan-nepal.cam,1,phishing
mysubisu-bonus.gq,1,phishing
nrb-nepal-recover.cam,1,phishing
fonepayfreenepal.top,1,phishing
best-win-work.site,3,spam
digitaltech.org,0,legitimate
fonepayconfirmnepal.pw,1,phishing
bagmatishop.com,0,legitimate
nepaleasy.com,0,legitimate
worldlinksuspendednepal.sbs,1,phishing
free-nepal-341.biz,3,spam
abroad-nepal-674.site,3,spam
gb0g7b9t64.ga,2,malware_dga
kh4lti.gq,1,phishing
nabilbankoffernepal.xyz,1,phishing
koreadeal513.biz,3,spam
ku.edu.np,0,legitimate
8qwy2yiotf0vs6oxejwyp.pw,2,malware_dga
myhimalayan-secure.click,1,phishing
kpnfs7dviy4xgkr0indvx77s.tk,2,malware_dga
myfacebook.xyz,1,phishing
worldlink-free-verify.cf,1,phishing
microsoft.com,0,legitimate
ncells.pw,1,phishing
windiscount284.online,3,spam
buybuy781.pw,3,spam
esewa-esewa.tk,1,phishing
topwinremittance.cf,3,spam
khaltibankingnepal.ga,1,phishing
topmalaysiaremittance.ml,3,spam
5s2nuv2rqbqegk3sjx76jj.online,2,malware_dga
6db5rr1v9n7324.online,2,malware_dga
rqqh8lguzrti.sbs,2,malware_dga
djjzqfe8e5tnl6244.click,2,malware_dga
td3imz93ij4qpvc2907.tk,2,malware_dga
secure-worldlink-apply.pw,1,phishing
buydiscount237.top,3,spam
khalti-claim-recharge.cf,1,phishing
ntc.net.np,0,legitimate
best-prize-prize.gq,3,spam
connectipsupdatenepal.cyou,1,phishing
dealdiscount784.tk,3,spam
official-connectips-verify.cyou,1,phishing
secure-ncell-free.cam,1,phishing
ncellbankingnepal.xyz,1,phishing
3ktvl3zgvkor949e1.net,2,malware_dga
ncell-wallet.site,1,phishing
ncell-ncell.site,1,phishing
official-subisu-prize.pw,1,phishing
shop.wikipedia.org,0,legitimate
subisu-nepal-payment.cam,1,phishing
subisu-renew-renew.xyz,1,phishing
xbvzr6kfkldf4hra2993.sbs,2,malware_dga
l13ldcnlld8qtujf1cu3.cyou,2,malware_dga
himalayashop.edu.np,0,legitimate
fastbank.com.np,0,legitimate
www.stackoverflow.com,0,legitimate
worldlink-nepal-suspended.sbs,1,phishing
fastsmart.edu.np,0,legitimate
best-work-prize.online,3,spam
4ytkis0hnp1o6rbv6cnn.cam,2,malware_dga
best-cheap-win.online,3,spam
best-free-transfer.sbs,3,spam
8igg1k0glqz3u1ptb62zp4.sbs,2,malware_dga
best-prize-sale.tk,3,spam
480zi64pmf6xdj6vcgexs.gq,2,malware_dga
4ike5ik3sz.cyou,2,malware_dga
nrb-payment-claim.site,1,phishing
dpjtrarnsh7x6ityhljwujfb.site,2,malware_dga
6lm5xu9pymti6z7j.gq,2,malware_dga
travelmoney982.xyz,3,spam
n4bil.net,1,phishing
4mid72ay1erf.site,2,malware_dga
secure-esewa-renew.online,1,phishing
facebookl.ml,1,phishing
edocykgt0ij27km36vnvi1.com,2,malware_dga
n20jg3wbm49xbv9.gq,2,malware_dga
ntc-suspended.pw,1,phishing
nabilbank-banking.ml,1,phishing
win-ncell-nepal.icu,1,phishing
ncells.site,1,phishing
kmcihhmh14ki.gq,2,malware_dga
best-korea-work.biz,3,spam
ncellverifynepal.cyou,1,phishing
shopsmart.org.np,0,legitimate
myncell-win.gq,1,phishing
payment-worldlink-nepal.cf,1,phishing
bagmatidigital.gov.np,0,legitimate
himalayan-prize.gq,1,phishing
mc7ouu1qso17lz42a.cyou,2,malware_dga
myncell-win.cam,1,phishing
korea-nepal-297.online,3,spam
fastgandaki.com,0,legitimate
salework259.biz,3,spam
y8o1crgixu85fj6ltry50hgi.top,2,malware_dga
pokharatech.com.np,0,legitimate
mynabil.click,1,phishing
worldlink-suspended.click,1,phishing
subisu-free.site,1,phishing
mynabil.online,1,phishing
wd22r6hyju6wwajtpeu.ga,2,malware_dga
nrb-confirm-verify.site,1,phishing
jak7guhamvn0ntj8qegbha.sbs,2,malware_dga
workvisa595.gq,3,spam
secure-khalti-account.icu,1,phishing
himalayasagarmatha.com,0,legitimate
kh4lti.online,1,phishing
microsoft.com,0,legitimate
best-qatar-travel.gq,3,spam
iz8urzeud2bkzd.icu,2,malware_dga
xea1y3e083cg.cf,2,malware_dga
cloudhimalaya.io,0,legitimate
myconnectips-offer.pw,1,phishing
cheap-nepal-475.sbs,3,spam
mynrb-claim.tk,1,phishing
buy-nepal-212.ga,3,spam
54p8ri4b6064.ml,2,malware_dga
ncell-update.sbs,1,phishing
if9wxsxk90xta4049w.tk,2,malware_dga
topvisabuy.tk,3,spam
gmngg06ur3unuf52.tk,2,malware_dga
esewa.com.np,0,legitimate
mynicasia-free.online,1,phishing
nicasiabankingnepal.sbs,1,phishing
secure-subisu-recharge.sbs,1,phishing
nabilbank.com,0,legitimate
khaltil.click,1,phishing
mediasagarmatha.co,0,legitimate
worldlink-update.cam,1,phishing
qrfxntf0mgoqm4891.ga,2,malware_dga
wincheap639.info,3,spam
nepalsagarmatha.io,0,legitimate
malaysia-nepal-337.biz,3,spam
free-nepal-672.ml,3,spam
h3g7vkc5ssinz4kh4951.tk,2,malware_dga
nepalnepal.gov.np,0,legitimate
vxhe52e486k4pbpxe4thdu.top,2,malware_dga
sale-nepal-771.ml,3,spam
election.gov.np,0,legitimate
oa3n4g2jayb12211.site,2,malware_dga
nclell.tk,1,phishing
mediasmart.net,0,legitimate
hantyetma3n43yz.click,2,malware_dga
topmoneycheap.pw,3,spam
himalayasagarmatha.io,0,legitimate
nrb.org.np,0,legitimate
login-esewa-nepal.cf,1,phishing
official-connectips-alert.click,1,phishing
2n5fnp36f83655.ml,2,malware_dga
mail.ioe.edu.np,0,legitimate
r9cfwow736758.tk,2,malware_dga
official-himalayan-win.tk,1,phishing
9ejse072gqhxklh.online,2,malware_dga
newsbank.com.np,0,legitimate
googles.online,1,phishing
u66t9c65lzr.click,2,malware_dga
et1f8s1s6gamh.net,2,malware_dga
4infnxbjnt4ez6n52u2wj.site,2,malware_dga
gzdpyhznw3256.top,2,malware_dga
nrbupdatenepal.tk,1,phishing
subisurecovernepal.pw,1,phishing
usqe34awnf69yqps.xyz,2,malware_dga
connectips-offer-verify.cyou,1,phishing
himalayagandaki.org,0,legitimate
facebookl.online,1,phishing
google.com,0,legitimate
techshop.gov.np,0,legitimate
smarteasy.io,0,legitimate
himalayanews.org,0,legitimate
9elypft79y8levb.ml,2,malware_dga
best-buy-send.cf,3,spam
best-discount-win.cyou,3,spam
rm8zljeuykkpouz6terb92.pw,2,malware_dga
smartbagmati.gov.np,0,legitimate
nxpyvthkja4ern4b.pw,2,malware_dga
toptravelearn.sbs,3,spam
esewa-esewa.pw,1,phishing
worldlinkbankingnepal.ga,1,phishing
worldlinksuspendednepal.click,1,phishing
smartmedia.org.np,0,legitimate
official-nicasia-recharge.icu,1,phishing
mynrb-signin.cyou,1,phishing
newskathmandu.org.np,0,legitimate
bankbagmati.co,0,legitimate
fonepay-nepal-verify.top,1,phishing
9pr1plxu5iwq4.gq,2,malware_dga
khaltiwalletnepal.sbs,1,phishing
win-nepal-550.cam,3,spam
fonepay-wallet.gq,1,phishing
siddhartha.com.np,0,legitimate
win-esewa-nepal.sbs,1,phishing
5lsfa0kut2ut1xiu5qwvvw.cf,2,malware_dga
topremittancekorea.cam,3,spam
best-work-malaysia.pw,3,spam
official-khalti-secure.cyou,1,phishing
support.siddhartha.com.np,0,legitimate
bankfast.net,0,legitimate
nx80nkxk673.cyou,2,malware_dga
f4cebook.site,1,phishing
4u3kxv1n0aa0klb.ga,2,malware_dga
se3r6d65hykeiwrcli.click,2,malware_dga
dealsale150.click,3,spam
reddit.com,0,legitimate
ztdhf15icyaxzr791.cf,2,malware_dga
bankeasy.gov.np,0,legitimate
workvisa894.cam,3,spam
n4bil.online,1,phishing
6l5nfltq680cog12444.xyz,2,malware_dga
shopbank.com,0,legitimate
7v8q64yekihyfr2.cf,2,malware_dga
ncell.axiata.com,0,legitimate
sagarmathanepal.net,0,legitimate
twcdy9e46k.xyz,2,malware_dga
myesewa-bonus.click,1,phishing
crt3hhgunq.cam,2,malware_dga
phol147fa6rt0yp657oodnux.top,2,malware_dga
h8sirag5pml3v723w0s.ml,2,malware_dga
instagram.com,0,legitimate
mysubisu-alert.tk,1,phishing
best-remittance-offer.cyou,3,spam
9j0navu05ud3n9qloh1tk.net,2,malware_dga
aa34h8nl9vfruk944171.ml,2,malware_dga
nabilbank.com,0,legitimate
digitalshop.com.np,0,legitimate
winfree224.icu,3,spam
3qmgu2562zjm819wn3t.cam,2,malware_dga
esewaoffernepal.online,1,phishing
best-deal-transfer.biz,3,spam
myesewa-recharge.pw,1,phishing
cheap-nepal-40.tk,3,spam
77l3l3crwi0s1nbqn6w.click,2,malware_dga
my.esewa.com.np,0,legitimate
official-ncell-renew.pw,1,phishing
best-abroad-win.top,3,spam
mykhalti-claim.icu,1,phishing
himalayakathmandu.gov.np,0,legitimate
claim-worldlink-nepal.tk,1,phishing
khalti.com,0,legitimate
cheapwork197.icu,3,spam
google-google.cyou,1,phishing
siddhartha.com.np,0,legitimate
prize-nepal-987.sbs,3,spam
airbnb.com,0,legitimate
topabroaddiscount.online,3,spam
deal-nepal-876.xyz,3,spam
techbank.gov.np,0,legitimate
tu.edu.np,0,legitimate
free-nrb-nepal.cf,1,phishing
r1trgtgvfs2w9oicfpt.tk,2,malware_dga
myyoutube.online,1,phishing
pokharacloud.org.np,0,legitimate
tulgelw8ivi38105.online,2,malware_dga
shop.subisu.net.np,0,legitimate
best-deal-sale.click,3,spam
youtube-youtube.pw,1,phishing
ks4sf58k9artd911z1o.ml,2,malware_dga
fod7gm1h9j0je54n.com,2,malware_dga
amazon.com,0,legitimate
blog.google.com,0,legitimate
esewa-nepal-verify.ml,1,phishing
irhc19ibjuy3v.top,2,malware_dga
mediamedia.org.np,0,legitimate
abroad-nepal-937.top,3,spam
remittanceremittance86.site,3,spam
secure-esewa-offer.gq,1,phishing
topmoneydeal.biz,3,spam
secure-connectips-nepal.top,1,phishing
alert-connectips-nepal.xyz,1,phishing
shopeasy.io,0,legitimate
881qiv7m407ce55.site,2,malware_dga
nclell.ml,1,phishing
apply-fonepay-nepal.cf,1,phishing
himalayan-signin.cyou,1,phishing
best-win-visa.biz,3,spam
shopsmart.org.np,0,legitimate
official-himalayan-bonus.click,1,phishing
worldlink-nepal-alert.top,1,phishing
yvybscgj9357.pw,2,malware_dga
10baf4jgq6c6326.ga,2,malware_dga
gandakinepal.com,0,legitimate
mediaeasy.org.np,0,legitimate
bh22rsdgxpn.gq,2,malware_dga
k70civfwws419jsomdie69.tk,2,malware_dga
2oxc520jbno275pk4oz4ww2.sbs,2,malware_dga
stackoverflow.com,0,legitimate
topwintravel.info,3,spam
ku.edu.np,0,legitimate
sale-nepal-516.top,3,spam
6qojxdv2hf22rdpvo.tk,2,malware_dga
f0cebook.xyz,1,phishing
qphli5l67901.sbs,2,malware_dga
f0cebook.ml,1,phishing
u73gb3sdafxnf01.ml,2,malware_dga
fastsagarmatha.edu.np,0,legitimate
official-nabilbank-free.sbs,1,phishing
jy6dn9t9o8kycipmed.site,2,malware_dga
rzkdu6fotwftq9y4186.ml,2,malware_dga
ix7dyji96xrrnctifyqbz.tk,2,malware_dga
connectips-renew.ga,1,phishing
esewal.cf,1,phishing
mediahimalaya.net,0,legitimate
a0em0t4sifiibe.icu,2,malware_dga
stripe.com,0,legitimate
ncell-nepal-confirm.site,1,phishing
fq7dq7hlllg.cf,2,malware_dga
pqw0x2hfu3xx968hedy.gq,2,malware_dga
cloudtech.net,0,legitimate
t00iv1ggx8209.icu,2,malware_dga
11pv58y9n81djd4120.icu,2,malware_dga
secure-nabilbank-secure.top,1,phishing
best-win-earn.site,3,spam
myesewa-claim.site,1,phishing
linkedin.com,0,legitimate
best-cheap-work.tk,3,spam
easyhimalaya.org.np,0,legitimate
best-qatar-remittance.icu,3,spam
fonepay-alert-update.top,1,phishing
ncellloginnepal.icu,1,phishing
official-esewa-alert.icu,1,phishing
official-ntc-prize.gq,1,phishing
topearnjob.icu,3,spam
claim-subisu-nepal.tk,1,phishing
koklt2g7u2ru1ryxp07k.online,2,malware_dga
nrb-nepal-alert.ml,1,phishing
sale-nepal-605.pw,3,spam
shopbank.gov.np,0,legitimate
fki9w1e52ljo513803s99.com,2,malware_dga
stripe.com,0,legitimate
mykhalti.site,1,phishing
sc2vj08z2vojcjkn.tk,2,malware_dga
fastdigital.gov.np,0,legitimate
nclell.top,1,phishing
kathmandubagmati.co,0,legitimate
72p4hu2loxiyouiy6.click,2,malware_dga
zah6neib6wyf.ga,2,malware_dga
malaysia-nepal-815.cam,3,spam
nabill.sbs,1,phishing
esewa.com.np,0,legitimate
i12abdu7gwmi.cf,2,malware_dga
1ruguj6n2if.click,2,malware_dga
esew4.cf,1,phishing
best-qatar-transfer.icu,3,spam
sale-nepal-44.info,3,spam
t1oxhfdxk31wbht2667.site,2,malware_dga
nrbfreenepal.site,1,phishing
travelkorea245.cam,3,spam
digitalsagarmatha.edu.np,0,legitimate
fonepay-nepal-verify.cam,1,phishing
esewa-payment.cam,1,phishing
topmoneytransfer.icu,3,spam
lipvzhuw1z4nv2.click,2,malware_dga
transferqatar74.cam,3,spam
totjblh6cnywl.site,2,malware_dga
topabroadvisa.gq,3,spam
toptransferearn.biz,3,spam
bankkathmandu.co,0,legitimate
h6ct4gwbr20nphu41y.click,2,malware_dga
connectips-payment-secure.site,1,phishing
himalayakathmandu.io,0,legitimate
verify-connectips-nepal.site,1,phishing
o0d32hl1h5bwn5xdad.xyz,2,malware_dga
f4cebook.cyou,1,phishing
5v20avu66avlhzksyle8eck.com,2,malware_dga
myesewa-recharge.site,1,phishing
nzmachbr718mrlv9e.sbs,2,malware_dga
himalayakathmandu.org,0,legitimate
himalayanpaymentnepal.pw,1,phishing
wrkmax2x6qbx6rp8vxqo.site,2,malware_dga
gandakicloud.com,0,legitimate
9moybjwk25le44l2l6ezs.click,2,malware_dga
993n4bfiy5pu55174.cf,2,malware_dga
ywm9q7ftmfw2956.pw,2,malware_dga
koreavisa807.online,3,spam
myntc-recharge.cf,1,phishing
goolgle.site,1,phishing
9hvspfqbgq.cyou,2,malware_dga
khallti.click,1,phishing
9rm2y8p1wf.xyz,2,malware_dga
bc9r4x1v4dx6uz8647.pw,2,malware_dga
remittancecheap701.cam,3,spam
pokharasagarmatha.io,0,legitimate
4uuxc64mzawwvdsj.ga,2,malware_dga
best-free-earn.biz,3,spam
kq5wtjl2822lj5gf0t39o.icu,2,malware_dga
instagram.com,0,legitimate
connectips-signin.click,1,phishing
icpwkwerp1855sig.cf,2,malware_dga
mynicasia-signin.ga,1,phishing
claim-himalayan-nepal.xyz,1,phishing
primebank.com.np,0,legitimate
8xn3hynt428.click,2,malware_dga
xcl2gu6e4tzsv2drqa.xyz,2,malware_dga
moneyprize621.pw,3,spam
ywbzzir0t3eone7bkr8hd.cf,2,malware_dga
immigration.gov.np,0,legitimate
qq8qmxetizu8026054.cyou,2,malware_dga
topworkbuy.ml,3,spam
topfreejob.online,3,spam
mygoogle.org,1,phishing
best-earn-abroad.click,3,spam
esewa.com.np,0,legitimate
gandakisagarmatha.com,0,legitimate
a0dv6nyycj4q0rr8113.xyz,2,malware_dga
mygoogle.icu,1,phishing
official-esewa-confirm.site,1,phishing
esewa-claim.site,1,phishing
korea-nepal-986.biz,3,spam
topjobfree.gq,3,spam
mediasagarmatha.net,0,legitimate
moneycheap776.ga,3,spam
travel-nepal-448.biz,3,spam
axqut59cncj0.net,2,malware_dga
work-nepal-383.tk,3,spam
secure-himalayan-account.top,1,phishing
nrb-update-wallet.cf,1,phishing
send-nepal-933.online,3,spam
ty1x4rnkz507smfyigj72azu.sbs,2,malware_dga
f0w6il2qm958.cyou,2,malware_dga
twitter.com,0,legitimate
yqwf8lcl7g588k475cdy8ug.click,2,malware_dga
subisurenewnepal.xyz,1,phishing
secure-nabilbank-account.gq,1,phishing
nepalpokhara.org.np,0,legitimate
mof.gov.np,0,legitimate
ntc-apply-secure.cam,1,phishing
malaysia-nepal-420.cf,3,spam
prizeremittance834.cam,3,spam
mynabilbank-suspended.site,1,phishing
czeccfs7i19mo1rt8696.pw,2,malware_dga
fasttech.com,0,legitimate
4tbmxs58ardlf4ennz017ru5.ml,2,malware_dga
5lmxo7coebr17.online,2,malware_dga
9zzmtzftdpxl.com,2,malware_dga
kj752h70y597.cyou,2,malware_dga
pxicogcr9mzvzfh66m1fp.gq,2,malware_dga
freeqatar148.gq,3,spam
2byknb3dgcrorm5.com,2,malware_dga
v5eu37h5csilsz0is6whl.ga,2,malware_dga
himalayanconfirmnepal.icu,1,phishing
ov1prsuoemx.net,2,malware_dga
d5xurykaiv.icu,2,malware_dga
yieq05b62f4feozdldazgio.ml,2,malware_dga
nicasiabank.com,0,legitimate
secure-nrb-alert.tk,1,phishing
fonepay-nepal-suspended.ga,1,phishing
recharge-nrb-nepal.cf,1,phishing
official-ntc-free.ml,1,phishing
wallet-fonepay-nepal.tk,1,phishing
easybank.org,0,legitimate
secure-ncell-alert.ga,1,phishing
fonepay-nepal-payment.ml,1,phishing
ku.edu.np,0,legitimate
ww9hszrz8wdpgb3pw.tk,2,malware_dga
shopfast.com.np,0,legitimate
youtube.top,1,phishing
airbnb.com,0,legitimate
banknepal.com,0,legitimate
ld7m08lc5269.online,2,malware_dga
myncell.top,1,phishing
best-win-discount.ga,3,spam
fonepay-nepal-recharge.tk,1,phishing
connectips-alert-account.top,1,phishing
hbozrpghf5jej7syealat.com,2,malware_dga
khalti.com,0,legitimate
nrb-nepal-free.cf,1,phishing
best-abroad-sale.top,3,spam
linkedin.com,0,legitimate
dyy967vjm49qo.ga,2,malware_dga
smarteasy.edu.np,0,legitimate
mediadigital.gov.np,0,legitimate
smartkathmandu.org.np,0,legitimate
98ptpzrk8zbzu.cyou,2,malware_dga
passport.gov.np,0,legitimate
yoh4c055n8dq6sby4ru3fx.cf,2,malware_dga
xvc4cd66dbmmkx.com,2,malware_dga
ncell.cf,1,phishing
topbuyoffer.xyz,3,spam
himalayan-nepal-verify.online,1,phishing
job-nepal-335.online,3,spam
netflix.com,0,legitimate
r6zl1khw83229.tk,2,malware_dga
nabilbankbankingnepal.top,1,phishing
election.gov.np,0,legitimate
prize-nepal-572.site,3,spam
o2y5tzq4rfi6kwe3jzk.click,2,malware_dga
e9ha817ehlv0xr8dupl8.sbs,2,malware_dga
mediadigital.org,0,legitimate
secure-fonepay-bonus.site,1,phishing
paypal.com,0,legitimate
myworldlink-renew.tk,1,phishing
gandakinepal.org.np,0,legitimate
topqatarmoney.biz,3,spam
k0alti.com,1,phishing
ncell-banking.ml,1,phishing
secure-worldlink-offer.site,1,phishing
nrb-apply-wallet.sbs,1,phishing
eyoqv99hsuc.net,2,malware_dga
worldlinkverifynepal.cam,1,phishing
ku.edu.np,0,legitimate
gandakieasy.co,0,legitimate
vfnrakb9fwgr6jghw.cam,2,malware_dga
kude358tre9q1891.ml,2,malware_dga
best-discount-sale.online,3,spam
subisualertnepal.ga,1,phishing
nepaltech.co,0,legitimate
buyoffer63.click,3,spam
official-himalayan-bonus.cf,1,phishing
topkoreaprize.gq,3,spam
bankkathmandu.com.np,0,legitimate
hmsv77og82q4h.tk,2,malware_dga
send-nepal-461.click,3,spam
ncell-claim.online,1,phishing
6gkcttyea5s55f4dr.site,2,malware_dga
dgyu7jsdy232g.pw,2,malware_dga
ncell-ncell.online,1,phishing
connectips-alert-bonus.online,1,phishing
best-transfer-offer.xyz,3,spam
khalti-win-confirm.online,1,phishing
imsv75o3jrw.xyz,2,malware_dga
fastsmart.com.np,0,legitimate
mynabilbank-recharge.xyz,1,phishing
c8mr4gszk1d25r.site,2,malware_dga
h23gxrirjut2497.gq,2,malware_dga
job-nepal-98.click,3,spam
medianews.org,0,legitimate
ictfoundation.org.np,0,legitimate
yotwg7nfd3928.tk,2,malware_dga
worldlink-nepal-win.sbs,1,phishing
paschimanchal.edu.np,0,legitimate
api.ncell.axiata.com,0,legitimate
best-earn-visa.cyou,3,spam
secure-nabilbank-confirm.site,1,phishing
d78hwk22m98205.tk,2,malware_dga
bonus-worldlink-nepal.tk,1,phishing
youtubes.org,1,phishing
nabilbank-alert.sbs,1,phishing
toptravelmalaysia.ga,3,spam
wxol4bku9414.tk,2,malware_dga
facebook.com,0,legitimate
k0alti.gq,1,phishing
fastgandaki.edu.np,0,legitimate
9cng8tan553.sbs,2,malware_dga
connectipsoffernepal.online,1,phishing
connectips-update.top,1,phishing
di008zdrogmvxavo.cam,2,malware_dga
blog0nq4i6r8so2676.cf,2,malware_dga
2v8pa1x1u3svdz904yi.tk,2,malware_dga
myworldlink-offer.icu,1,phishing
best-earn-malaysia.ga,3,spam
malaysia-nepal-448.ml,3,spam
himalayanoffernepal.gq,1,phishing
help.github.com,0,legitimate
7ejb606ohftcuxgqftyz3.ga,2,malware_dga
gdgfwmqx327ycif88140.cf,2,malware_dga
bagmatismart.org.np,0,legitimate
69g12xmtkzqf8mrngjrmmzh7.cam,2,malware_dga
himalayakathmandu.edu.np,0,legitimate
kh4lti.org,1,phishing
mysubisu-renew.ga,1,phishing
himalayasmart.org.np,0,legitimate
vfeaorw6zo7np0t5jued17.cf,2,malware_dga
stripe.com,0,legitimate
airbnb.com,0,legitimate
prizevisa620.info,3,spam
esewawalletnepal.xyz,1,phishing
wikipedia.org,0,legitimate
secure.microsoft.com,0,legitimate
9fyb4ced6dv9r0iumsovpv.pw,2,malware_dga
4idz9013lixyde0ok.top,2,malware_dga
mynabil.org,1,phishing
topprizetravel.online,3,spam
w2ko8frjy3p4g8jg6ay6.online,2,malware_dga
mediakathmandu.org,0,legitimate
youtubes.cam,1,phishing
khalti-nepal-prize.cyou,1,phishing
n2uqk6bhq3go2myavsty3p.xyz,2,malware_dga
money-nepal-879.site,3,spam
fw5q52dez3368.cyou,2,malware_dga
smartshop.io,0,legitimate
www.paschimanchal.edu.np,0,legitimate
secure.adobe.com,0,legitimate
eslewa.pw,1,phishing
mof.gov.np,0,legitimate
visawork686.icu,3,spam
fonepay-bonus.click,1,phishing
topoffersend.click,3,spam
esewas.cyou,1,phishing
newspokhara.edu.np,0,legitimate
myconnectips-verify.top,1,phishing
z94am770q2kuvx8tk3n2.sbs,2,malware_dga
connectips-nepal-confirm.cam,1,phishing
deal-nepal-168.ml,3,spam
beg1cj8p5957.site,2,malware_dga
bankshop.gov.np,0,legitimate
qx6rzcm8jj6avp1e6592.cf,2,malware_dga
secure-esewa-apply.ml,1,phishing
nicasia-login.cam,1,phishing
7p7ahug9y1xu2f5285.top,2,malware_dga
parliament.gov.np,0,legitimate
9xyzvbihdp3b.site,2,malware_dga
himalayasmart.net,0,legitimate
discountdiscount464.pw,3,spam
nq3woir1cut.online,2,malware_dga
topkoreaearn.gq,3,spam
z3ntsqsgzny6dkzlqs9.icu,2,malware_dga
zchhxa7hy7a4038.site,2,malware_dga
malaysiasend219.online,3,spam
techshop.co,0,legitimate
gandakishop.net,0,legitimate
shopmedia.co,0,legitimate
bagmatitech.com.np,0,legitimate
myntc-offer.pw,1,phishing
moneysale188.pw,3,spam
ncells.sbs,1,phishing
himalayadigital.gov.np,0,legitimate
best-work-prize.biz,3,spam
subisurechargenepal.cf,1,phishing
5hbtj5qjlfz8.site,2,malware_dga
secure-connectips-offer.click,1,phishing
fh3p0w7tlu0olikrhp.cyou,2,malware_dga
secure-esewa-prize.online,1,phishing
secure-connectips-recharge.cyou,1,phishing
ntc-nepal-offer.site,1,phishing
ncell-update-free.click,1,phishing
official-ncell-wallet.ml,1,phishing
subisu-nepal-offer.ml,1,phishing
nrbpaymentnepal.click,1,phishing
ncell.axiata.com,0,legitimate
ygw22ygyzthqse4875.site,2,malware_dga
topjobsale.top,3,spam
win-worldlink-nepal.ga,1,phishing
nepal.gov.np,0,legitimate
topbuyearn.ml,3,spam
topmoneycheap.site,3,spam
topdealqatar.site,3,spam
worldlink.com.np,0,legitimate
best-offer-discount.cf,3,spam
9njs96algxzj9m4570.icu,2,malware_dga
v2vhqex66am9z7eiowyk.pw,2,malware_dga
easyhimalaya.io,0,legitimate
topfreemalaysia.cf,3,spam
prize-nrb-nepal.cf,1,phishing
free-connectips-nepal.pw,1,phishing
myworldlink-secure.ml,1,phishing
up8qpmxafx.xyz,2,malware_dga
cwg60as9f44fch6pm32gnf.pw,2,malware_dga
saleqatar130.gq,3,spam
ev2f5c13fax5cy.sbs,2,malware_dga
suspended-nrb-nepal.cam,1,phishing
buyjob321.sbs,3,spam
newsdigital.gov.np,0,legitimate
buy-nepal-524.top,3,spam
connectipssecurenepal.online,1,phishing
dropbox.com,0,legitimate
damigrcn1oen9fe.top,2,malware_dga
l38psfdvvh1mueqw.net,2,malware_dga
wkwufefh32w37nziw635hh.sbs,2,malware_dga
kjvw2nnr1sweg2ir33mbcgn.sbs,2,malware_dga
prize-nepal-731.biz,3,spam
myesewa-payment.xyz,1,phishing
n4bil.sbs,1,phishing
subisualertnepal.pw,1,phishing
mygoogle.gq,1,phishing
sd8f03kgyp1n7toohpgq4u4s.sbs,2,malware_dga
newsshop.com.np,0,legitimate
topprizemalaysia.cyou,3,spam
dropbox.com,0,legitimate
remittance-nepal-892.online,3,spam
nabilbank-verify-free.ml,1,phishing
subisu-secure.ml,1,phishing
best-offer-cheap.ga,3,spam
best-sale-buy.top,3,spam
3h9rrlyox7d.cyou,2,malware_dga
verify-ntc-nepal.site,1,phishing
recover-connectips-nepal.gq,1,phishing
travelremittance747.biz,3,spam
best-work-money.icu,3,spam
khalti-nepal-update.site,1,phishing
esewa-esewa.online,1,phishing
nrb-nepal-banking.online,1,phishing
moha.gov.np,0,legitimate
update-worldlink-nepal.ga,1,phishing
offerprize811.top,3,spam
g0ogle.xyz,1,phishing
deal-nepal-787.cam,3,spam
nrb-apply-recharge.top,1,phishing
easyfast.org.np,0,legitimate
youtubes.online,1,phishing
avmnkw7wvy9rmj7859.cam,2,malware_dga
esewawalletnepal.site,1,phishing
youtubes.ml,1,phishing
mof.gov.np,0,legitimate
4onwwlyg0u.net,2,malware_dga
digitaldigital.co,0,legitimate
nrb-nepal-confirm.icu,1,phishing
official-subisu-confirm.tk,1,phishing
bankkathmandu.com.np,0,legitimate
nicasiaupdatenepal.click,1,phishing
zv4b4ttxqbki.ml,2,malware_dga
e9lo4g3q85f4ebkiyrm3yvl6.click,2,malware_dga
prize-nepal-157.click,3,spam
topabroaddeal.site,3,spam
login-nrb-nepal.online,1,phishing
himalayahimalaya.edu.np,0,legitimate
topjoboffer.xyz,3,spam
best-prize-visa.cyou,3,spam
khaltil.cam,1,phishing
official-khalti-win.top,1,phishing
netflix.com,0,legitimate
bagmatieasy.co,0,legitimate
myconnectips-suspended.ga,1,phishing
mynabil.site,1,phishing
mykhalti-prize.ga,1,phishing
discountbuy71.cf,3,spam
best-malaysia-free.tk,3,spam
discountwin971.gq,3,spam
best-win-prize.tk,3,spam
tq8q18e8i56q.ga,2,malware_dga
usstkh0f1i32t0ezdn88z8.sbs,2,malware_dga
digitalhimalaya.org,0,legitimate
abroad-nepal-999.biz,3,spam
himalayanwinnepal.gq,1,phishing
topfreeabroad.pw,3,spam
riamwu288041.xyz,2,malware_dga
eslewa.top,1,phishing
winqatar153.gq,3,spam
